issueNumber,premium,dice1,dice2,dice3,sum,big_small,odd_even,shape,issue_number
20260818101010620,135,1,3,5,9.0,Small,Odd,,20260818101010620
20260818101010619,166,1,6,6,13.0,Big,Odd,,20260818101010619
20260818101010618,461,4,6,1,11.0,Big,Odd,,20260818101010618
20260818101010617,314,3,1,4,8.0,Small,Even,,20260818101010617
20260818101010616,245,2,4,5,11.0,Big,Odd,,20260818101010616
20260818101010615,246,2,4,6,12.0,Big,Even,,20260818101010615
20260818101010614,152,1,5,2,8.0,Small,Even,,20260818101010614
20260818101010613,121,1,2,1,4.0,Small,Even,,20260818101010613
20260818101010612,463,4,6,3,13.0,Big,Odd,,20260818101010612
20260818101010611,135,1,3,5,9.0,Small,Odd,,20260818101010611
20260818101010610,552,5,5,2,12.0,Big,Even,,20260818101010610
20260818101010609,514,5,1,4,10.0,Small,Even,,20260818101010609
20260818101010608,155,1,5,5,11.0,Big,Odd,,20260818101010608
20260818101010607,635,6,3,5,14.0,Big,Even,,20260818101010607
20260818101010606,331,3,3,1,7.0,Small,Odd,,20260818101010606
20260818101010605,151,1,5,1,7.0,Small,Odd,,20260818101010605
20260818101010604,664,6,6,4,16.0,Big,Even,,20260818101010604
20260818101010603,645,6,4,5,15.0,Big,Odd,,20260818101010603
20260818101010602,452,4,5,2,11.0,Big,Odd,,20260818101010602
20260818101010601,156,1,5,6,12.0,Big,Even,,20260818101010601
20260818101010600,352,3,5,2,10.0,Small,Even,,20260818101010600
20260818101010599,256,2,5,6,13.0,Big,Odd,,20260818101010599
20260818101010598,565,5,6,5,16.0,Big,Even,,20260818101010598
20260818101010597,542,5,4,2,11.0,Big,Odd,,20260818101010597
20260818101010596,362,3,6,2,11.0,Big,Odd,,20260818101010596
20260818101010595,366,3,6,6,15.0,Big,Odd,,20260818101010595
20260818101010594,545,5,4,5,14.0,Big,Even,,20260818101010594
20260818101010593,432,4,3,2,9.0,Small,Odd,,20260818101010593
20260818101010592,331,3,3,1,7.0,Small,Odd,,20260818101010592
20260818101010591,324,3,2,4,9.0,Small,Odd,,20260818101010591
20260818101010590,454,4,5,4,13.0,Big,Odd,,20260818101010590
20260818101010589,625,6,2,5,13.0,Big,Odd,,20260818101010589
20260818101010588,131,1,3,1,5.0,Small,Odd,,20260818101010588
20260818101010587,326,3,2,6,11.0,Big,Odd,,20260818101010587
20260818101010586,234,2,3,4,9.0,Small,Odd,,20260818101010586
20260818101010585,654,6,5,4,15.0,Big,Odd,,20260818101010585
20260818101010584,334,3,3,4,10.0,Small,Even,,20260818101010584
20260818101010583,261,2,6,1,9.0,Small,Odd,,20260818101010583
20260818101010582,235,2,3,5,10.0,Small,Even,,20260818101010582
20260818101010581,135,1,3,5,9.0,Small,Odd,,20260818101010581
20260818101010580,333,3,3,3,9.0,Small,Odd,,20260818101010580
20260818101010543,445,4,4,5,13.0,Big,Odd,,20260818101010543
20260818101010542,334,3,3,4,10.0,Small,Even,,20260818101010542
20260818101010541,164,1,6,4,11.0,Big,Odd,,20260818101010541
20260818101010540,256,2,5,6,13.0,Big,Odd,,20260818101010540
20260818101010539,556,5,5,6,16.0,Big,Even,,20260818101010539
20260818101010538,314,3,1,4,8.0,Small,Even,,20260818101010538
20260818101010537,323,3,2,3,8.0,Small,Even,,20260818101010537
20260818101010536,152,1,5,2,8.0,Small,Even,,20260818101010536
20260818101010535,342,3,4,2,9.0,Small,Odd,,20260818101010535
20260818101010534,613,6,1,3,10.0,Small,Even,,20260818101010534
20260818101010533,512,5,1,2,8.0,Small,Even,,20260818101010533
20260818101010532,613,6,1,3,10.0,Small,Even,,20260818101010532
20260818101010531,434,4,3,4,11.0,Big,Odd,,20260818101010531
20260818101010530,423,4,2,3,9.0,Small,Odd,,20260818101010530
20260818101010529,632,6,3,2,11.0,Big,Odd,,20260818101010529
20260818101010528,153,1,5,3,9.0,Small,Odd,,20260818101010528
20260818101010527,434,4,3,4,11.0,Big,Odd,,20260818101010527
20260818101010526,645,6,4,5,15.0,Big,Odd,,20260818101010526
20260818101010525,261,2,6,1,9.0,Small,Odd,,20260818101010525
20260818101010524,436,4,3,6,13.0,Big,Odd,,20260818101010524
20260818101010523,523,5,2,3,10.0,Small,Even,,20260818101010523
20260818101010522,154,1,5,4,10.0,Small,Even,,20260818101010522
20260818101010521,456,4,5,6,15.0,Big,Odd,,20260818101010521
20260818101010520,111,1,1,1,3.0,Small,Odd,,20260818101010520
20260818101010519,153,1,5,3,9.0,Small,Odd,,20260818101010519
20260818101010518,265,2,6,5,13.0,Big,Odd,,20260818101010518
20260818101010517,531,5,3,1,9.0,Small,Odd,,20260818101010517
20260818101010516,541,5,4,1,10.0,Small,Even,,20260818101010516
20260818101010515,141,1,4,1,6.0,Small,Even,,20260818101010515
20260818101010514,653,6,5,3,14.0,Big,Even,,20260818101010514
20260818101010513,433,4,3,3,10.0,Small,Even,,20260818101010513
20260818101010512,541,5,4,1,10.0,Small,Even,,20260818101010512
20260818101010511,646,6,4,6,16.0,Big,Even,,20260818101010511
20260818101010510,133,1,3,3,7.0,Small,Odd,,20260818101010510
20260818101010509,555,5,5,5,15.0,Big,Odd,,20260818101010509
20260818101010508,153,1,5,3,9.0,Small,Odd,,20260818101010508
20260818101010507,642,6,4,2,12.0,Big,Even,,20260818101010507
20260818101010506,266,2,6,6,14.0,Big,Even,,20260818101010506
20260818101010505,251,2,5,1,8.0,Small,Even,,20260818101010505
20260818101010504,546,5,4,6,15.0,Big,Odd,,20260818101010504
20260818101010503,544,5,4,4,13.0,Big,Odd,,20260818101010503
20260818101010502,165,1,6,5,12.0,Big,Even,,20260818101010502
20260818101010501,626,6,2,6,14.0,Big,Even,,20260818101010501
20260818101010500,522,5,2,2,9.0,Small,Odd,,20260818101010500
20260818101010499,651,6,5,1,12.0,Big,Even,,20260818101010499
20260818101010498,612,6,1,2,9.0,Small,Odd,,20260818101010498
20260818101010497,153,1,5,3,9.0,Small,Odd,,20260818101010497
20260818101010496,412,4,1,2,7.0,Small,Odd,,20260818101010496
20260818101010495,223,2,2,3,7.0,Small,Odd,,20260818101010495
20260818101010494,564,5,6,4,15.0,Big,Odd,,20260818101010494
20260818101010493,455,4,5,5,14.0,Big,Even,,20260818101010493
20260818101010492,443,4,4,3,11.0,Big,Odd,,20260818101010492
20260818101010491,214,2,1,4,7.0,Small,Odd,,20260818101010491
20260818101010490,633,6,3,3,12.0,Big,Even,,20260818101010490
20260818101010489,116,1,1,6,8.0,Small,Even,,20260818101010489
20260818101010488,543,5,4,3,12.0,Big,Even,,20260818101010488
20260818101010487,163,1,6,3,10.0,Small,Even,,20260818101010487
20260818101010486,321,3,2,1,6.0,Small,Even,,20260818101010486
20260818101010485,143,1,4,3,8.0,Small,Even,,20260818101010485
20260818101010484,644,6,4,4,14.0,Big,Even,,20260818101010484
20260818101010483,522,5,2,2,9.0,Small,Odd,,20260818101010483
20260818101010482,136,1,3,6,10.0,Small,Even,,20260818101010482
20260818101010481,422,4,2,2,8.0,Small,Even,,20260818101010481
20260818101010480,151,1,5,1,7.0,Small,Odd,,20260818101010480
20260818101010479,244,2,4,4,10.0,Small,Even,,20260818101010479
20260818101010478,516,5,1,6,12.0,Big,Even,,20260818101010478
20260818101010477,615,6,1,5,12.0,Big,Even,,20260818101010477
20260818101010476,141,1,4,1,6.0,Small,Even,,20260818101010476
20260818101010475,143,1,4,3,8.0,Small,Even,,20260818101010475
20260818101010474,653,6,5,3,14.0,Big,Even,,20260818101010474
20260818101010473,532,5,3,2,10.0,Small,Even,,20260818101010473
20260818101010472,425,4,2,5,11.0,Big,Odd,,20260818101010472
20260818101010471,456,4,5,6,15.0,Big,Odd,,20260818101010471
20260818101010470,421,4,2,1,7.0,Small,Odd,,20260818101010470
20260818101010469,463,4,6,3,13.0,Big,Odd,,20260818101010469
20260818101010468,112,1,1,2,4.0,Small,Even,,20260818101010468
20260818101010467,345,3,4,5,12.0,Big,Even,,20260818101010467
20260818101010466,423,4,2,3,9.0,Small,Odd,,20260818101010466
20260818101010465,223,2,2,3,7.0,Small,Odd,,20260818101010465
20260818101010464,636,6,3,6,15.0,Big,Odd,,20260818101010464
20260818101010463,341,3,4,1,8.0,Small,Even,,20260818101010463
20260818101010462,626,6,2,6,14.0,Big,Even,,20260818101010462
20260818101010461,311,3,1,1,5.0,Small,Odd,,20260818101010461
20260818101010460,113,1,1,3,5.0,Small,Odd,,20260818101010460
20260818101010459,335,3,3,5,11.0,Big,Odd,,20260818101010459
20260817101011202,355,3.0,5.0,5.0,13.0,Big,Odd,,20260817101011202
20260817101011201,234,2.0,3.0,4.0,9.0,Small,Odd,,20260817101011201
20260817101011200,364,3.0,6.0,4.0,13.0,Big,Odd,,20260817101011200
20260817101011199,515,5.0,1.0,5.0,11.0,Big,Odd,,20260817101011199
20260817101011198,215,2.0,1.0,5.0,8.0,Small,Even,,20260817101011198
20260817101011197,232,2.0,3.0,2.0,7.0,Small,Odd,,20260817101011197
20260817101011196,621,6.0,2.0,1.0,9.0,Small,Odd,,20260817101011196
20260817101011195,622,6.0,2.0,2.0,10.0,Small,Even,,20260817101011195
20260817101011194,445,4.0,4.0,5.0,13.0,Big,Odd,,20260817101011194
20260817101011193,241,2.0,4.0,1.0,7.0,Small,Odd,,20260817101011193
20260817101011192,142,1.0,4.0,2.0,7.0,Small,Odd,,20260817101011192
20260817101011191,341,3.0,4.0,1.0,8.0,Small,Even,,20260817101011191
20260817101011190,463,4.0,6.0,3.0,13.0,Big,Odd,,20260817101011190
20260817101011189,524,5.0,2.0,4.0,11.0,Big,Odd,,20260817101011189
20260817101011188,113,1.0,1.0,3.0,5.0,Small,Odd,,20260817101011188
20260817101011187,661,6.0,6.0,1.0,13.0,Big,Odd,,20260817101011187
20260817101011186,666,6.0,6.0,6.0,18.0,Big,Even,,20260817101011186
20260817101011185,536,5.0,3.0,6.0,14.0,Big,Even,,20260817101011185
20260817101011184,246,2.0,4.0,6.0,12.0,Big,Even,,20260817101011184
20260817101011183,166,1.0,6.0,6.0,13.0,Big,Odd,,20260817101011183
20260817101011182,213,2.0,1.0,3.0,6.0,Small,Even,,20260817101011182
20260817101011181,244,2.0,4.0,4.0,10.0,Small,Even,,20260817101011181
20260817101011180,655,6.0,5.0,5.0,16.0,Big,Even,,20260817101011180
20260817101011179,545,5.0,4.0,5.0,14.0,Big,Even,,20260817101011179
20260817101011178,451,4.0,5.0,1.0,10.0,Small,Even,,20260817101011178
20260817101011177,621,6.0,2.0,1.0,9.0,Small,Odd,,20260817101011177
20260817101011176,256,2.0,5.0,6.0,13.0,Big,Odd,,20260817101011176
20260817101011175,523,5.0,2.0,3.0,10.0,Small,Even,,20260817101011175
20260817101011174,434,4.0,3.0,4.0,11.0,Big,Odd,,20260817101011174
20260817101011173,563,5.0,6.0,3.0,14.0,Big,Even,,20260817101011173
20260817101011172,436,4.0,3.0,6.0,13.0,Big,Odd,,20260817101011172
20260817101011171,232,2.0,3.0,2.0,7.0,Small,Odd,,20260817101011171
20260817101011170,442,4.0,4.0,2.0,10.0,Small,Even,,20260817101011170
20260817101011169,656,6.0,5.0,6.0,17.0,Big,Odd,,20260817101011169
20260817101011168,653,6.0,5.0,3.0,14.0,Big,Even,,20260817101011168
20260817101011167,114,1.0,1.0,4.0,6.0,Small,Even,,20260817101011167
20260817101011166,135,1.0,3.0,5.0,9.0,Small,Odd,,20260817101011166
20260817101011165,414,4.0,1.0,4.0,9.0,Small,Odd,,20260817101011165
20260817101011164,561,5.0,6.0,1.0,12.0,Big,Even,,20260817101011164
20260817101011163,632,6.0,3.0,2.0,11.0,Big,Odd,,20260817101011163
20260817101011162,655,6.0,5.0,5.0,16.0,Big,Even,,20260817101011162
20260817101011161,656,6.0,5.0,6.0,17.0,Big,Odd,,20260817101011161
20260817101011160,315,3.0,1.0,5.0,9.0,Small,Odd,,20260817101011160
20260817101011159,236,2.0,3.0,6.0,11.0,Big,Odd,,20260817101011159
20260817101011158,354,3.0,5.0,4.0,12.0,Big,Even,,20260817101011158
20260817101011157,351,3.0,5.0,1.0,9.0,Small,Odd,,20260817101011157
20260817101011156,265,2.0,6.0,5.0,13.0,Big,Odd,,20260817101011156
20260817101011155,531,5.0,3.0,1.0,9.0,Small,Odd,,20260817101011155
20260817101011154,545,5.0,4.0,5.0,14.0,Big,Even,,20260817101011154
20260817101011153,534,5.0,3.0,4.0,12.0,Big,Even,,20260817101011153
20260817101011152,254,2.0,5.0,4.0,11.0,Big,Odd,,20260817101011152
20260817101011151,464,4.0,6.0,4.0,14.0,Big,Even,,20260817101011151
20260817101011150,632,6.0,3.0,2.0,11.0,Big,Odd,,20260817101011150
20260817101011149,425,4.0,2.0,5.0,11.0,Big,Odd,,20260817101011149
20260817101011148,213,2.0,1.0,3.0,6.0,Small,Even,,20260817101011148
20260817101011147,414,4.0,1.0,4.0,9.0,Small,Odd,,20260817101011147
20260817101011146,431,4.0,3.0,1.0,8.0,Small,Even,,20260817101011146
20260817101011145,242,2.0,4.0,2.0,8.0,Small,Even,,20260817101011145
20260817101011144,635,6.0,3.0,5.0,14.0,Big,Even,,20260817101011144
20260817101011143,421,4.0,2.0,1.0,7.0,Small,Odd,,20260817101011143
20260817101011142,316,3.0,1.0,6.0,10.0,Small,Even,,20260817101011142
20260817101011141,366,3.0,6.0,6.0,15.0,Big,Odd,,20260817101011141
20260817101011140,362,3.0,6.0,2.0,11.0,Big,Odd,,20260817101011140
20260817101011139,215,2.0,1.0,5.0,8.0,Small,Even,,20260817101011139
20260817101011138,124,1.0,2.0,4.0,7.0,Small,Odd,,20260817101011138
20260817101011137,244,2.0,4.0,4.0,10.0,Small,Even,,20260817101011137
20260817101011136,641,6.0,4.0,1.0,11.0,Big,Odd,,20260817101011136
20260817101011135,662,6.0,6.0,2.0,14.0,Big,Even,,20260817101011135
20260817101011134,514,5.0,1.0,4.0,10.0,Small,Even,,20260817101011134
20260817101011133,256,2.0,5.0,6.0,13.0,Big,Odd,,20260817101011133
20260817101011132,561,5.0,6.0,1.0,12.0,Big,Even,,20260817101011132
20260817101011131,346,3.0,4.0,6.0,13.0,Big,Odd,,20260817101011131
20260817101011130,344,3.0,4.0,4.0,11.0,Big,Odd,,20260817101011130
20260817101011129,143,1.0,4.0,3.0,8.0,Small,Even,,20260817101011129
20260817101011128,234,2.0,3.0,4.0,9.0,Small,Odd,,20260817101011128
20260817101011127,226,2.0,2.0,6.0,10.0,Small,Even,,20260817101011127
20260817101011126,111,1.0,1.0,1.0,3.0,Small,Odd,,20260817101011126
20260817101011125,444,4.0,4.0,4.0,12.0,Big,Even,,20260817101011125
20260817101011124,234,2.0,3.0,4.0,9.0,Small,Odd,,20260817101011124
20260817101011123,444,4.0,4.0,4.0,12.0,Big,Even,,20260817101011123
20260817101011122,645,6.0,4.0,5.0,15.0,Big,Odd,,20260817101011122
20260817101011121,316,3.0,1.0,6.0,10.0,Small,Even,,20260817101011121
20260817101011120,326,3.0,2.0,6.0,11.0,Big,Odd,,20260817101011120
20260817101011119,614,6.0,1.0,4.0,11.0,Big,Odd,,20260817101011119
20260817101011118,641,6.0,4.0,1.0,11.0,Big,Odd,,20260817101011118
20260817101011117,265,2.0,6.0,5.0,13.0,Big,Odd,,20260817101011117
20260817101011116,332,3.0,3.0,2.0,8.0,Small,Even,,20260817101011116
20260817101011115,141,1.0,4.0,1.0,6.0,Small,Even,,20260817101011115
20260817101011114,132,1.0,3.0,2.0,6.0,Small,Even,,20260817101011114
20260817101011113,354,3.0,5.0,4.0,12.0,Big,Even,,20260817101011113
20260817101011112,545,5.0,4.0,5.0,14.0,Big,Even,,20260817101011112
20260817101011111,222,2.0,2.0,2.0,6.0,Small,Even,,20260817101011111
20260817101011110,552,5.0,5.0,2.0,12.0,Big,Even,,20260817101011110
20260817101011109,453,4.0,5.0,3.0,12.0,Big,Even,Single,
20260817101011108,333,3.0,3.0,3.0,9.0,Small,Odd,Triple,
20260817101011107,566,5.0,6.0,6.0,17.0,Big,Odd,Double,
20260817101011106,542,5.0,4.0,2.0,11.0,Big,Odd,Single,
20260817101011105,536,5.0,3.0,6.0,14.0,Big,Even,Single,
20260817101011104,333,3.0,3.0,3.0,9.0,Small,Odd,Triple,
20260817101011103,545,5.0,4.0,5.0,14.0,Big,Even,Double,
20260817101011102,423,4.0,2.0,3.0,9.0,Small,Odd,Single,
20260817101011101,443,4.0,4.0,3.0,11.0,Big,Odd,Double,
20260817101011100,514,5.0,1.0,4.0,10.0,Small,Even,Single,
20260817101011099,555,5.0,5.0,5.0,15.0,Big,Odd,Triple,
20260817101011098,321,3.0,2.0,1.0,6.0,Small,Even,Single,
20260817101011097,312,3.0,1.0,2.0,6.0,Small,Even,Single,
20260817101011096,352,3.0,5.0,2.0,10.0,Small,Even,Single,
20260817101011095,651,6.0,5.0,1.0,12.0,Big,Even,Single,
20260817101011094,533,5.0,3.0,3.0,11.0,Big,Odd,Double,
20260817101011093,112,1.0,1.0,2.0,4.0,Small,Even,Double,
20260817101011092,243,2.0,4.0,3.0,9.0,Small,Odd,Single,
20260817101011091,111,1.0,1.0,1.0,3.0,Small,Odd,Triple,
20260817101011090,116,1.0,1.0,6.0,8.0,Small,Even,Double,
20260817101011089,615,6.0,1.0,5.0,12.0,Big,Even,Single,
20260817101011088,221,2.0,2.0,1.0,5.0,Small,Odd,Double,
20260817101011087,522,5.0,2.0,2.0,9.0,Small,Odd,Double,
20260817101011086,165,1.0,6.0,5.0,12.0,Big,Even,Single,
20260817101011085,555,5.0,5.0,5.0,15.0,Big,Odd,Triple,
20260817101011084,661,6.0,6.0,1.0,13.0,Big,Odd,Double,
20260817101011083,352,3.0,5.0,2.0,10.0,Small,Even,Single,
20260817101011082,122,1.0,2.0,2.0,5.0,Small,Odd,Double,
20260817101011081,313,3.0,1.0,3.0,7.0,Small,Odd,Double,
20260817101011080,366,3.0,6.0,6.0,15.0,Big,Odd,Double,
20260817101011079,641,6.0,4.0,1.0,11.0,Big,Odd,Single,
20260817101011078,241,2.0,4.0,1.0,7.0,Small,Odd,Single,
20260817101011077,544,5.0,4.0,4.0,13.0,Big,Odd,Double,
20260817101011076,424,4.0,2.0,4.0,10.0,Small,Even,Double,
20260817101011075,132,1.0,3.0,2.0,6.0,Small,Even,Single,
20260817101011074,312,3.0,1.0,2.0,6.0,Small,Even,Single,
20260817101011073,334,3.0,3.0,4.0,10.0,Small,Even,Double,
20260817101011072,452,4.0,5.0,2.0,11.0,Big,Odd,Single,
20260817101011071,516,5.0,1.0,6.0,12.0,Big,Even,Single,
20260817101011070,342,3.0,4.0,2.0,9.0,Small,Odd,Single,
20260817101011069,153,1.0,5.0,3.0,9.0,Small,Odd,Single,
20260817101011068,621,6.0,2.0,1.0,9.0,Small,Odd,Single,
20260817101011067,464,4.0,6.0,4.0,14.0,Big,Even,Double,
20260817101011066,646,6.0,4.0,6.0,16.0,Big,Even,Double,
20260817101011065,241,2.0,4.0,1.0,7.0,Small,Odd,Single,
20260817101011064,326,3.0,2.0,6.0,11.0,Big,Odd,Single,
20260817101011063,231,2.0,3.0,1.0,6.0,Small,Even,Single,
20260817101011062,652,6.0,5.0,2.0,13.0,Big,Odd,Single,
20260817101011061,223,2.0,2.0,3.0,7.0,Small,Odd,Double,
20260817101011060,354,3.0,5.0,4.0,12.0,Big,Even,Single,
20260817101011059,343,3.0,4.0,3.0,10.0,Small,Even,Double,
20260817101011058,623,6.0,2.0,3.0,11.0,Big,Odd,Single,
20260817101011057,366,3.0,6.0,6.0,15.0,Big,Odd,Double,
20260817101011056,122,1.0,2.0,2.0,5.0,Small,Odd,Double,
20260817101011055,513,5.0,1.0,3.0,9.0,Small,Odd,Single,
20260817101011054,261,2.0,6.0,1.0,9.0,Small,Odd,Single,
20260817101011053,431,4.0,3.0,1.0,8.0,Small,Even,Single,
20260817101011052,625,6.0,2.0,5.0,13.0,Big,Odd,Single,
20260817101011051,465,4.0,6.0,5.0,15.0,Big,Odd,Single,
20260817101011050,642,6.0,4.0,2.0,12.0,Big,Even,Single,
20260817101011049,626,6.0,2.0,6.0,14.0,Big,Even,Double,
20260817101011048,362,3.0,6.0,2.0,11.0,Big,Odd,Single,
20260817101011047,366,3.0,6.0,6.0,15.0,Big,Odd,Double,
20260817101011046,646,6.0,4.0,6.0,16.0,Big,Even,Double,
20260817101011045,456,4.0,5.0,6.0,15.0,Big,Odd,Single,
20260817101011044,551,5.0,5.0,1.0,11.0,Big,Odd,Double,
20260817101011043,245,2.0,4.0,5.0,11.0,Big,Odd,Single,
20260817101011042,361,3.0,6.0,1.0,10.0,Small,Even,Single,
20260817101011041,633,6.0,3.0,3.0,12.0,Big,Even,Double,
20260817101011040,655,6.0,5.0,5.0,16.0,Big,Even,Double,
20260817101011039,246,2.0,4.0,6.0,12.0,Big,Even,Single,
20260817101011038,215,2.0,1.0,5.0,8.0,Small,Even,Single,
20260817101011037,434,4.0,3.0,4.0,11.0,Big,Odd,Double,
20260817101011036,264,2.0,6.0,4.0,12.0,Big,Even,Single,
20260817101011035,556,5.0,5.0,6.0,16.0,Big,Even,Double,
20260817101011034,644,6.0,4.0,4.0,14.0,Big,Even,Double,
20260817101011033,652,6.0,5.0,2.0,13.0,Big,Odd,Single,
20260817101011032,543,5.0,4.0,3.0,12.0,Big,Even,Single,
20260817101011031,446,4.0,4.0,6.0,14.0,Big,Even,Double,
20260817101011030,622,6.0,2.0,2.0,10.0,Small,Even,Double,
20260817101011029,615,6.0,1.0,5.0,12.0,Big,Even,Single,
20260817101011028,412,4.0,1.0,2.0,7.0,Small,Odd,Single,
20260817101011027,554,5.0,5.0,4.0,14.0,Big,Even,Double,
20260817101011026,552,5.0,5.0,2.0,12.0,Big,Even,Double,
20260817101011025,524,5.0,2.0,4.0,11.0,Big,Odd,Single,
20260817101011024,266,2.0,6.0,6.0,14.0,Big,Even,Double,
20260817101011020,351,3.0,5.0,1.0,9.0,Small,Odd,Single,
20260817101011019,511,5.0,1.0,1.0,7.0,Small,Odd,Double,
20260817101011018,656,6.0,5.0,6.0,17.0,Big,Odd,Double,
20260817101011017,524,5.0,2.0,4.0,11.0,Big,Odd,Single,
20260817101011016,334,3.0,3.0,4.0,10.0,Small,Even,Double,
20260817101011015,316,3.0,1.0,6.0,10.0,Small,Even,Single,
20260817101011014,551,5.0,5.0,1.0,11.0,Big,Odd,Double,
20260817101011013,242,2.0,4.0,2.0,8.0,Small,Even,Double,
20260817101011012,544,5.0,4.0,4.0,13.0,Big,Odd,Double,
20260817101011011,145,1.0,4.0,5.0,10.0,Small,Even,Single,
20260817101011010,236,2.0,3.0,6.0,11.0,Big,Odd,Single,
20260817101011009,255,2.0,5.0,5.0,12.0,Big,Even,Double,
,,,,,,Small,Odd,Unknown,
